{
  "project_info": {
    "project_number": "188937858497",
    "firebase_url": "https://swcc-housing.firebaseio.com",
    "project_id": "swcc-housing",
    "storage_bucket": "swcc-housing.appspot.com"
  },
  "client": [
    {
      "client_info": {
        "mobilesdk_app_id": "1:188937858497:android:36e99361d21433aa175340",
        "android_client_info": {
          "package_name": "com.example.swcc"
        }
      },
      "oauth_client": [
        {
          "client_id": "188937858497-mnlq5tad5ld4ci61pbsup6j6ar9g3bjl.apps.googleusercontent.com",
          "client_type": 3
        }
      ],
      "api_key": [
        {
          "current_key": "AIzaSyD5NTDeo_mn2vb2ATXumjaVmxqr47PJ2Wo"
        }
      ],
      "services": {
        "appinvite_service": {
          "other_platform_oauth_client": [
            {
              "client_id": "188937858497-mnlq5tad5ld4ci61pbsup6j6ar9g3bjl.apps.googleusercontent.com",
              "client_type": 3
            }
          ]
        }
      }
    }
  ],
  "configuration_version": "1"
}